{
    "model_name": "Representative",
    "table_name": "representatives",
    "fields": [
        {
            "name": "name",
            "type": "string",
            "input_type": "text",
            "validation": "required",
            "default": null,
            "nullable": false,
            "relation": null
        },
        {
            "name": "number",
            "type": "string",
            "input_type": "text",
            "validation": null,
            "default": null,
            "nullable": false,
            "relation": null
        }
    ],
    "timestamps": true,
    "soft_deletes": false,
    "only_migration": false
}